Name,Ticker,Issue Date,Coupon,Maturity,next coupon date,num of coupon,Maturity Type,Country/Region,Currency,Identifier,Bloomberg Composite Rating,Ask Price,Source
United States Treasury Note/Bond,T,9/15/2020,0.125,2023/9/15,2023/9/15,1,NORMAL,US,USD,91282CAK7,NR,99.992697011,BGN
United States Treasury Note/Bond,T,9/30/2021,0.25,2023/9/30,2023/9/30,1,NORMAL,US,USD,91282CDA6,NR,99.795423497,BGN
United States Treasury Note/Bond,T,10/1/2018,2.875,2023/9/30,2023/9/30,1,NORMAL,US,USD,9128285D8,NR,101.112213969,BGN
United States Treasury Note/Bond,T,9/30/2016,1.375,2023/9/30,2023/9/30,1,NORMAL,US,USD,912828T26,NR,100.359204235,BGN
United States Treasury Note/Bond,T,10/15/2020,0.125,2023/10/15,2023/10/15,1,NORMAL,US,USD,91282CAP6,NR,99.521495048,BGN
United States Treasury Note/Bond,T,10/31/2018,2.875,2023/10/31,2023/10/31,1,NORMAL,US,USD,9128285K2,NR,100.667968750,BGN
United States Treasury Note/Bond,T,11/1/2021,0.375,2023/10/31,2023/10/31,1,NORMAL,US,USD,91282CDD0,NR,99.431216033,BGN
United States Treasury Note/Bond,T,10/31/2016,1.625,2023/10/31,2023/10/31,1,NORMAL,US,USD,912828T91,NR,100.030061141,BGN
United States Treasury Note/Bond,T,11/16/2020,0.25,2023/11/15,2023/11/15,1,NORMAL,US,USD,91282CAW1,NR,99.135360054,BGN
United States Treasury Note/Bond,T,11/15/2013,2.75,2023/11/15,2023/11/15,1,NORMAL,US,USD,912828WE6,NR,100.379585598,BGN
United States Treasury Note/Bond,T,11/30/2021,0.5,2023/11/30,2023/11/30,1,NORMAL,US,USD,91282CDM0,NR,99.050482411,BGN
United States Treasury Note/Bond,T,11/30/2016,2.125,2023/11/30,2023/11/30,1,NORMAL,US,USD,912828U57,NR,99.848339310,BGN
United States Treasury Note/Bond,T,11/30/2018,2.875,2023/11/30,2023/11/30,1,NORMAL,US,USD,9128285P1,NR,100.203359802,BGN
United States Treasury Note/Bond,T,12/15/2020,0.125,2023/12/15,2023/12/15,1,NORMAL,US,USD,91282CBA8,NR,98.660817964,BGN
United States Treasury Note/Bond,T,12/31/2021,0.75,2023/12/31,2023/12/31,1,NORMAL,US,USD,91282CDR9,NR,98.738111413,BGN
United States Treasury Note/Bond,T,1/3/2017,2.25,2023/12/31,2023/12/31,1,NORMAL,US,USD,912828V23,NR,99.460427989,BGN
United States Treasury Note/Bond,T,12/31/2018,2.625,2023/12/31,2023/12/31,1,NORMAL,US,USD,9128285U0,NR,99.634171196,BGN
United States Treasury Note/Bond,T,1/15/2021,0.125,2024/1/15,2024/1/15,1,NORMAL,US,USD,91282CBE0,NR,98.209069293,BGN
United States Treasury Note/Bond,T,1/31/2022,0.875,2024/1/31,2024/1/31,1,NORMAL,US,USD,91282CDV0,NR,98.339504076,BGN
United States Treasury Note/Bond,T,1/31/2017,2.25,2024/1/31,2024/1/31,1,NORMAL,US,USD,912828V80,NR,99.020889946,BGN
United States Treasury Note/Bond,T,1/31/2019,2.5,2024/1/31,2024/1/31,1,NORMAL,US,USD,9128285Z9,NR,99.158627717,BGN
United States Treasury Note/Bond,T,2/16/2021,0.125,2024/2/15,2024/2/15,1,NORMAL,US,USD,91282CBM2,NR,97.772758152,BGN
United States Treasury Note/Bond,T,2/18/2014,2.75,2024/2/15,2024/2/15,1,NORMAL,US,USD,912828B66,NR,99.059273098,BGN
United States Treasury Note/Bond,T,2/28/2022,1.5,2024/2/29,2024/2/29,1,NORMAL,US,USD,91282CEA5,NR,98.231541896,BGN
United States Treasury Note/Bond,T,2/28/2019,2.375,2024/2/29,2024/2/29,1,NORMAL,US,USD,9128286G0,NR,98.630279876,BGN
United States Treasury Note/Bond,T,2/28/2017,2.125,2024/2/29,2024/2/29,1,NORMAL,US,USD,912828W48,NR,98.509658310,BGN
United States Treasury Note/Bond,T,3/15/2021,0.25,2024/3/15,2023/9/15,2,NORMAL,US,USD,91282CBR1,NR,97.528362772,BGN
United States Treasury Note/Bond,T,3/31/2022,2.25,2024/3/31,2023/9/30,2,NORMAL,US,USD,91282CEG2,NR,99.233030225,BGN
United States Treasury Note/Bond,T,3/31/2017,2.125,2024/3/31,2023/9/30,2,NORMAL,US,USD,912828W71,NR,99.136099727,BGN
United States Treasury Note/Bond,T,4/15/2021,0.375,2024/4/15,2023/10/15,2,NORMAL,US,USD,91282CBV2,NR,97.193391393,BGN
United States Treasury Note/Bond,T,4/30/2019,2.25,2024/4/30,2023/10/31,2,NORMAL,US,USD,9128286R6,NR,98.794327446,BGN
United States Treasury Note/Bond,T,5/2/2022,2.5,2024/4/30,2023/10/31,2,NORMAL,US,USD,91282CEK3,NR,99.053158967,BGN
United States Treasury Note/Bond,T,5/1/2017,2,2024/4/30,2023/10/31,2,NORMAL,US,USD,912828X70,NR,98.558933424,BGN
United States Treasury Note/Bond,T,5/17/2021,0.25,2024/5/15,2023/11/15,2,NORMAL,US,USD,91282CCC3,NR,96.623641304,BGN
United States Treasury Note/Bond,T,5/15/2014,2.5,2024/5/15,2023/11/15,2,NORMAL,US,USD,912828WJ5,NR,98.814538043,BGN
United States Treasury Note/Bond,T,5/31/2022,2.5,2024/5/31,2023/11/30,2,NORMAL,US,USD,91282CER8,NR,98.611787056,BGN
United States Treasury Note/Bond,T,5/31/2017,2,2024/5/31,2023/11/30,2,NORMAL,US,USD,912828XT2,NR,98.108179645,BGN
United States Treasury Note/Bond,T,6/15/2021,0.25,2024/6/15,2023/12/15,2,NORMAL,US,USD,91282CCG4,NR,96.188823429,BGN
United States Treasury Note/Bond,T,6/30/2022,3,2024/6/30,2023/12/31,2,NORMAL,US,USD,91282CEX5,NR,98.651664402,BGN
United States Treasury Note/Bond,T,7/1/2019,1.75,2024/6/30,2023/12/31,2,NORMAL,US,USD,9128286Z8,NR,97.447520380,BGN
United States Treasury Note/Bond,T,6/30/2017,2,2024/6/30,2023/12/31,2,NORMAL,US,USD,912828XX3,NR,97.680536685,BGN
United States Treasury Note/Bond,T,7/15/2021,0.375,2024/7/15,2024/1/15,2,NORMAL,US,USD,91282CCL3,NR,95.912364130,BGN
United States Treasury Note/Bond,T,8/1/2022,3,2024/7/31,2024/1/31,2,NORMAL,US,USD,91282CFA4,NR,98.207540761,BGN
United States Treasury Note/Bond,T,7/31/2019,1.75,2024/7/31,2024/1/31,2,NORMAL,US,USD,912828Y87,NR,97.007133152,BGN
United States Treasury Note/Bond,T,7/31/2017,2.125,2024/7/31,2024/1/31,2,NORMAL,US,USD,9128282N9,NR,97.360224185,BGN
United States Treasury Note/Bond,T,8/16/2021,0.375,2024/8/15,2024/2/15,2,NORMAL,US,USD,91282CCT6,NR,95.462805707,BGN
United States Treasury Note/Bond,T,8/15/2014,2.375,2024/8/15,2024/2/15,2,NORMAL,US,USD,912828D56,NR,97.385529891,BGN
United States Treasury Note/Bond,T,8/31/2022,3.25,2024/8/31,2024/2/29,2,NORMAL,US,USD,91282CFG1,NR,98.021205357,BGN
United States Treasury Note/Bond,T,8/31/2017,1.875,2024/8/31,2024/2/29,2,NORMAL,US,USD,9128282U3,NR,96.697630495,BGN
United States Treasury Note/Bond,T,9/3/2019,1.25,2024/8/31,2024/2/29,2,NORMAL,US,USD,912828YE4,NR,96.107014080,BGN
United States Treasury Note/Bond,T,9/15/2021,0.375,2024/9/15,2023/9/15,3,NORMAL,US,USD,91282CCX7,NR,95.267153533,BGN
United States Treasury Note/Bond,T,9/30/2022,4.25,2024/9/30,2023/9/30,3,NORMAL,US,USD,91282CFN6,NR,100.717511954,BGN
United States Treasury Note/Bond,T,10/2/2017,2.125,2024/9/30,2023/9/30,3,NORMAL,US,USD,9128282Y5,NR,97.620474727,BGN
United States Treasury Note/Bond,T,9/30/2019,1.5,2024/9/30,2023/9/30,3,NORMAL,US,USD,912828YH7,NR,96.713947234,BGN
United States Treasury Note/Bond,T,10/15/2021,0.625,2024/10/15,2023/10/15,3,NORMAL,US,USD,91282CDB4,NR,95.255912739,BGN
United States Treasury Note/Bond,T,10/31/2022,4.375,2024/10/31,2023/10/31,3,NORMAL,US,USD,91282CFQ9,NR,100.478770380,BGN
United States Treasury Note/Bond,T,10/31/2017,2.25,2024/10/31,2023/10/31,3,NORMAL,US,USD,9128283D0,NR,97.415421196,BGN
United States Treasury Note/Bond,T,10/31/2019,1.5,2024/10/31,2023/10/31,3,NORMAL,US,USD,912828YM6,NR,96.330332880,BGN
United States Treasury Note/Bond,T,11/15/2021,0.75,2024/11/15,2023/11/15,3,NORMAL,US,USD,91282CDH1,NR,95.062330163,BGN
United States Treasury Note/Bond,T,11/17/2014,2.25,2024/11/15,2023/11/15,3,NORMAL,US,USD,912828G38,NR,97.210427989,BGN
United States Treasury Note/Bond,T,8/15/1994,7.5,2024/11/15,2023/11/15,3,NORMAL,US,USD,912810ES3,NR,105.115489130,BGN
United States Treasury Note/Bond,T,11/30/2022,4.5,2024/11/30,2023/11/30,3,NORMAL,US,USD,91282CFX4,NR,100.251216701,BGN
United States Treasury Note/Bond,T,11/30/2017,2.125,2024/11/30,2023/11/30,3,NORMAL,US,USD,9128283J7,NR,96.836620560,BGN
United States Treasury Note/Bond,T,12/2/2019,1.5,2024/11/30,2023/11/30,3,NORMAL,US,USD,912828YV6,NR,95.932697234,BGN
United States Treasury Note/Bond,T,12/15/2021,1,2024/12/15,2023/12/15,3,NORMAL,US,USD,91282CDN8,NR,95.048262466,BGN
United States Treasury Note/Bond,T,1/3/2023,4.25,2024/12/31,2023/12/31,3,NORMAL,US,USD,91282CGD7,NR,99.512058424,BGN
United States Treasury Note/Bond,T,12/31/2019,1.75,2024/12/31,2023/12/31,3,NORMAL,US,USD,912828YY0,NR,95.931895380,BGN
United States Treasury Note/Bond,T,1/2/2018,2.25,2024/12/31,2023/12/31,3,NORMAL,US,USD,9128283P3,NR,96.663552989,BGN
United States Treasury Note/Bond,T,1/18/2022,1.125,2025/1/15,2024/1/15,3,NORMAL,US,USD,91282CDS7,NR,94.869904891,BGN
United States Treasury Note/Bond,T,1/31/2023,4.125,2025/1/31,2024/1/31,3,NORMAL,US,USD,91282CGG0,NR,98.958220109,BGN
United States Treasury Note/Bond,T,1/31/2018,2.5,2025/1/31,2024/1/31,3,NORMAL,US,USD,9128283V0,NR,96.646908967,BGN
United States Treasury Note/Bond,T,1/31/2020,1.375,2025/1/31,2024/1/31,3,NORMAL,US,USD,912828Z52,NR,95.044667120,BGN
United States Treasury Note/Bond,T,2/15/2022,1.5,2025/2/15,2024/2/15,3,NORMAL,US,USD,91282CDZ1,NR,95.038722826,BGN
United States Treasury Note/Bond,T,2/17/2015,2,2025/2/15,2024/2/15,3,NORMAL,US,USD,912828J27,NR,95.778192935,BGN
United States Treasury Note/Bond,T,2/15/1995,7.625,2025/2/15,2024/2/15,3,NORMAL,US,USD,912810ET1,NR,103.981997283,BGN
United States Treasury Note/Bond,T,2/28/2023,4.625,2025/2/28,2024/2/29,3,NORMAL,US,USD,91282CGN5,NR,99.297905220,BGN
United States Treasury Note/Bond,T,3/2/2020,1.125,2025/2/28,2024/2/29,3,NORMAL,US,USD,912828ZC7,NR,94.339672047,BGN
United States Treasury Note/Bond,T,2/28/2018,2.75,2025/2/28,2024/2/29,3,NORMAL,US,USD,9128283Z1,NR,96.647149725,BGN
United States Treasury Note/Bond,T,3/15/2022,1.75,2025/3/15,2023/9/15,4,NORMAL,US,USD,91282CED9,NR,95.925101902,BGN
United States Treasury Note/Bond,T,3/31/2023,3.875,2025/3/31,2023/9/30,4,NORMAL,US,USD,91282CGU9,NR,99.778282958,BGN
United States Treasury Note/Bond,T,3/31/2020,0.5,2025/3/31,2023/9/30,4,NORMAL,US,USD,912828ZF0,NR,93.356471995,BGN
United States Treasury Note/Bond,T,4/2/2018,2.625,2025/3/31,2023/9/30,4,NORMAL,US,USD,9128284F4,NR,97.418352971,BGN
United States Treasury Note/Bond,T,4/18/2022,2.625,2025/4/15,2023/10/15,4,NORMAL,US,USD,91282CEH0,NR,97.256083504,BGN
United States Treasury Note/Bond,T,5/1/2023,3.875,2025/4/30,2023/10/31,4,NORMAL,US,USD,91282CGX3,NR,99.437669837,BGN
United States Treasury Note/Bond,T,4/30/2020,0.375,2025/4/30,2023/10/31,4,NORMAL,US,USD,912828ZL7,NR,92.771059783,BGN
United States Treasury Note/Bond,T,4/30/2018,2.875,2025/4/30,2023/10/31,4,NORMAL,US,USD,9128284M9,NR,97.542968750,BGN
United States Treasury Note/Bond,T,5/15/2015,2.125,2025/5/15,2023/11/15,4,NORMAL,US,USD,912828XB1,NR,95.949388587,BGN
United States Treasury Note/Bond,T,5/16/2022,2.75,2025/5/15,2023/11/15,4,NORMAL,US,USD,91282CEQ0,NR,97.137398098,BGN
United States Treasury Note/Bond,T,5/31/2023,4.25,2025/5/31,2023/11/30,4,NORMAL,US,USD,91282CHD6,NR,99.790428620,BGN
United States Treasury Note/Bond,T,6/1/2020,0.25,2025/5/31,2023/11/30,4,NORMAL,US,USD,912828ZT0,NR,92.195163081,BGN
United States Treasury Note/Bond,T,5/31/2018,2.875,2025/5/31,2023/11/30,4,NORMAL,US,USD,9128284R8,NR,97.191641052,BGN
United States Treasury Note/Bond,T,6/15/2022,2.875,2025/6/15,2023/12/15,4,NORMAL,US,USD,91282CEU1,NR,97.023031933,BGN
United States Treasury Note/Bond,T,6/30/2023,4.625,2025/6/30,2023/12/31,4,NORMAL,US,USD,91282CHL8,NR,100.158457880,BGN
United States Treasury Note/Bond,T,6/30/2020,0.25,2025/6/30,2023/12/31,4,NORMAL,US,USD,912828ZW3,NR,91.893172554,BGN
United States Treasury Note/Bond,T,7/2/2018,2.75,2025/6/30,2023/12/31,4,NORMAL,US,USD,912828XZ8,NR,96.645210598,BGN
United States Treasury Note/Bond,T,7/15/2022,3,2025/7/15,2024/1/15,4,NORMAL,US,USD,91282CEY3,NR,96.939538043,BGN
United States Treasury Note/Bond,T,7/31/2023,4.75,2025/7/31,2024/1/31,4,NORMAL,US,USD,91282CHN4,NR,100.038892663,BGN
United States Treasury Note/Bond,T,7/31/2020,0.25,2025/7/31,2024/1/31,4,NORMAL,US,USD,91282CAB7,NR,91.571331522,BGN
United States Treasury Note/Bond,T,7/31/2018,2.875,2025/7/31,2024/1/31,4,NORMAL,US,USD,912828Y79,NR,96.527343750,BGN
United States Treasury Note/Bond,T,8/15/2022,3.125,2025/8/15,2024/2/15,4,NORMAL,US,USD,91282CFE6,NR,96.826766304,BGN
United States Treasury Note/Bond,T,8/17/2015,2,2025/8/15,2024/2/15,4,NORMAL,US,USD,912828K74,NR,94.711786685,BGN
United States Treasury Note/Bond,T,8/15/1995,6.875,2025/8/15,2024/2/15,4,NORMAL,US,USD,912810EV6,NR,104.122792120,BGN
United States Treasury Note/Bond,T,8/31/2023,5,2025/8/31,2024/2/29,4,NORMAL,US,USD,91282CHV6,#N/A N/A,100.185868819,BGN
United States Treasury Note/Bond,T,8/31/2020,0.25,2025/8/31,2024/2/29,4,NORMAL,US,USD,91282CAJ0,NR,91.249527816,BGN
United States Treasury Note/Bond,T,8/31/2018,2.75,2025/8/31,2024/2/29,4,NORMAL,US,USD,9128284Z0,NR,95.944024725,BGN
United States Treasury Note/Bond,T,9/15/2022,3.5,2025/9/15,2023/9/15,5,NORMAL,US,USD,91282CFK2,NR,98.940047554,BGN
United States Treasury Note/Bond,T,9/30/2020,0.25,2025/9/30,2023/9/30,5,NORMAL,US,USD,91282CAM3,NR,91.139173497,BGN
United States Treasury Note/Bond,T,10/1/2018,3,2025/9/30,2023/9/30,5,NORMAL,US,USD,9128285C0,NR,97.599769467,BGN
United States Treasury Note/Bond,T,10/17/2022,4.25,2025/10/15,2023/10/15,5,NORMAL,US,USD,91282CFP1,NR,100.394894126,BGN
United States Treasury Note/Bond,T,11/2/2020,0.25,2025/10/31,2023/10/31,5,NORMAL,US,USD,91282CAT8,NR,90.805706522,BGN
United States Treasury Note/Bond,T,10/31/2018,3,2025/10/31,2023/10/31,5,NORMAL,US,USD,9128285J5,NR,97.262228261,BGN
United States Treasury Note/Bond,T,11/15/2022,4.5,2025/11/15,2023/11/15,5,NORMAL,US,USD,91282CFW6,NR,100.631793478,BGN
United States Treasury Note/Bond,T,11/16/2015,2.25,2025/11/15,2023/11/15,5,NORMAL,US,USD,912828M56,NR,95.339334239,BGN
United States Treasury Note/Bond,T,11/30/2020,0.375,2025/11/30,2023/11/30,5,NORMAL,US,USD,91282CAZ4,NR,90.779072746,BGN
United States Treasury Note/Bond,T,11/30/2018,2.875,2025/11/30,2023/11/30,5,NORMAL,US,USD,9128285N6,NR,96.668203552,BGN
United States Treasury Note/Bond,T,12/15/2022,4,2025/12/15,2023/12/15,5,NORMAL,US,USD,91282CGA3,NR,99.130549863,BGN
United States Treasury Note/Bond,T,12/31/2020,0.375,2025/12/31,2023/12/31,5,NORMAL,US,USD,91282CBC4,NR,90.568274457,BGN
United States Treasury Note/Bond,T,12/31/2018,2.625,2025/12/31,2023/12/31,5,NORMAL,US,USD,9128285T3,NR,95.751358696,BGN
United States Treasury Note/Bond,T,1/17/2023,3.875,2026/1/15,2024/1/15,5,NORMAL,US,USD,91282CGE5,NR,98.492866848,BGN
United States Treasury Note/Bond,T,2/1/2021,0.375,2026/1/31,2024/1/31,5,NORMAL,US,USD,91282CBH3,NR,90.169497283,BGN
United States Treasury Note/Bond,T,1/31/2019,2.625,2026/1/31,2024/1/31,5,NORMAL,US,USD,9128286A3,NR,95.413043478,BGN
United States Treasury Note/Bond,T,2/15/2023,4,2026/2/15,2024/2/15,5,NORMAL,US,USD,91282CGL9,NR,98.454823370,BGN
United States Treasury Note/Bond,T,2/16/2016,1.625,2026/2/15,2024/2/15,5,NORMAL,US,USD,912828P46,NR,92.920855978,BGN
United States Treasury Note/Bond,T,2/15/1996,6,2026/2/15,2024/2/15,5,NORMAL,US,USD,912810EW4,NR,103.326766304,BGN
United States Treasury Note/Bond,T,3/1/2021,0.5,2026/2/28,2024/2/29,5,NORMAL,US,USD,91282CBQ3,NR,90.186555632,BGN
United States Treasury Note/Bond,T,2/28/2019,2.5,2026/2/28,2024/2/29,5,NORMAL,US,USD,9128286F2,NR,94.823403159,BGN
United States Treasury Note/Bond,T,3/15/2023,4.625,2026/3/15,2023/9/15,6,NORMAL,US,USD,91282CGR6,NR,101.897758152,BGN
United States Treasury Note/Bond,T,3/31/2021,0.75,2026/3/31,2023/9/30,6,NORMAL,US,USD,91282CBT7,NR,90.940957992,BGN
United States Treasury Note/Bond,T,4/1/2019,2.25,2026/3/31,2023/9/30,6,NORMAL,US,USD,9128286L9,NR,95.104123975,BGN
United States Treasury Note/Bond,T,4/17/2023,3.75,2026/4/15,2023/10/15,6,NORMAL,US,USD,91282CGV7,NR,99.082351434,BGN
United States Treasury Note/Bond,T,4/30/2021,0.75,2026/4/30,2023/10/31,6,NORMAL,US,USD,91282CBW0,NR,90.549932065,BGN
United States Treasury Note/Bond,T,4/30/2019,2.375,2026/4/30,2023/10/31,6,NORMAL,US,USD,9128286S4,NR,95.099524457,BGN
United States Treasury Note/Bond,T,5/15/2023,3.625,2026/5/15,2023/11/15,6,NORMAL,US,USD,91282CHB0,NR,98.402173913,BGN
United States Treasury Note/Bond,T,5/16/2016,1.625,2026/5/15,2023/11/15,6,NORMAL,US,USD,912828R36,NR,92.819293478,BGN
United States Treasury Note/Bond,T,6/1/2021,0.75,2026/5/31,2023/11/30,6,NORMAL,US,USD,91282CCF6,NR,90.222207992,BGN
United States Treasury Note/Bond,T,5/31/2019,2.125,2026/5/31,2023/11/30,6,NORMAL,US,USD,9128286X3,NR,94.094433060,BGN
United States Treasury Note/Bond,T,6/15/2023,4.125,2026/6/15,2023/12/15,6,NORMAL,US,USD,91282CHH7,NR,99.502305328,BGN
United States Treasury Note/Bond,T,6/30/2021,0.875,2026/6/30,2023/12/31,6,NORMAL,US,USD,91282CCJ8,NR,90.370244565,BGN
United States Treasury Note/Bond,T,7/1/2019,1.875,2026/6/30,2023/12/31,6,NORMAL,US,USD,9128287B0,NR,93.153872283,BGN
United States Treasury Note/Bond,T,7/17/2023,4.5,2026/7/15,2024/1/15,6,NORMAL,US,USD,91282CHM6,NR,100.174932065,BGN
United States Treasury Note/Bond,T,8/2/2021,0.625,2026/7/31,2024/1/31,6,NORMAL,US,USD,91282CCP4,NR,89.303328804,BGN
United States Treasury Note/Bond,T,7/31/2019,1.875,2026/7/31,2024/1/31,6,NORMAL,US,USD,912828Y95,NR,92.753736413,BGN
United States Treasury Note/Bond,T,8/15/2023,4.375,2026/8/15,2024/2/15,6,NORMAL,US,USD,91282CHU8,NR,99.484035326,BGN
United States Treasury Note/Bond,T,8/15/2016,1.5,2026/8/15,2024/2/15,6,NORMAL,US,USD,9128282A7,NR,91.530910326,BGN
United States Treasury Note/Bond,T,8/15/1996,6.75,2026/8/15,2024/2/15,6,NORMAL,US,USD,912810EX2,NR,106.307065217,BGN
United States Treasury Note/Bond,T,8/31/2021,0.75,2026/8/31,2024/2/29,6,NORMAL,US,USD,91282CCW9,NR,89.322802198,BGN
United States Treasury Note/Bond,T,9/3/2019,1.375,2026/8/31,2024/2/29,6,NORMAL,US,USD,912828YD6,NR,91.042324863,BGN
United States Treasury Note/Bond,T,9/30/2019,1.625,2026/9/30,2023/9/30,7,NORMAL,US,USD,912828YG9,NR,92.318690232,BGN
United States Treasury Note/Bond,T,9/30/2021,0.875,2026/9/30,2023/9/30,7,NORMAL,US,USD,91282CCZ2,NR,89.901169740,BGN
United States Treasury Note/Bond,T,11/1/2021,1.125,2026/10/31,2023/10/31,7,NORMAL,US,USD,91282CDG3,NR,90.305366848,BGN
United States Treasury Note/Bond,T,10/31/2019,1.625,2026/10/31,2023/10/31,7,NORMAL,US,USD,912828YQ7,NR,91.924592391,BGN
United States Treasury Note/Bond,T,11/15/2016,2,2026/11/15,2023/11/15,7,NORMAL,US,USD,912828U24,NR,92.957880435,BGN
United States Treasury Note/Bond,T,11/15/1996,6.5,2026/11/15,2023/11/15,7,NORMAL,US,USD,912810EY0,NR,107.667798913,BGN
United States Treasury Note/Bond,T,11/30/2021,1.25,2026/11/30,2023/11/30,7,NORMAL,US,USD,91282CDK4,NR,90.401596653,BGN
United States Treasury Note/Bond,T,12/2/2019,1.625,2026/11/30,2023/11/30,7,NORMAL,US,USD,912828YU8,NR,91.618169399,BGN
United States Treasury Note/Bond,T,12/31/2021,1.25,2026/12/31,2023/12/31,7,NORMAL,US,USD,91282CDQ1,NR,90.172894022,BGN
United States Treasury Note/Bond,T,12/31/2019,1.75,2026/12/31,2023/12/31,7,NORMAL,US,USD,912828YX2,NR,91.740489130,BGN
United States Treasury Note/Bond,T,1/31/2020,1.5,2027/1/31,2024/1/31,7,NORMAL,US,USD,912828Z78,NR,90.584239130,BGN
United States Treasury Note/Bond,T,2/15/2017,2.25,2027/2/15,2024/2/15,7,NORMAL,US,USD,912828V98,NR,92.823709239,BGN
United States Treasury Note/Bond,T,2/18/1997,6.625,2027/2/15,2024/2/15,7,NORMAL,US,USD,912810EZ7,NR,107.042119565,BGN
United States Treasury Note/Bond,T,2/28/2022,1.875,2027/2/28,2024/2/29,7,NORMAL,US,USD,91282CEC1,NR,91.478880495,BGN
United States Treasury Note/Bond,T,3/2/2020,1.125,2027/2/28,2024/2/29,7,NORMAL,US,USD,912828ZB9,NR,89.148265797,BGN
United States Treasury Note/Bond,T,3/31/2022,2.5,2027/3/31,2023/9/30,8,NORMAL,US,USD,91282CEF4,NR,94.462047473,BGN
United States Treasury Note/Bond,T,3/31/2020,0.625,2027/3/31,2023/9/30,8,NORMAL,US,USD,912828ZE3,NR,87.527621243,BGN
United States Treasury Note/Bond,T,5/2/2022,2.75,2027/4/30,2023/10/31,8,NORMAL,US,USD,91282CEN7,NR,95.003396739,BGN
United States Treasury Note/Bond,T,4/30/2020,0.5,2027/4/30,2023/10/31,8,NORMAL,US,USD,912828ZN3,NR,86.767663043,BGN
United States Treasury Note/Bond,T,5/15/2017,2.375,2027/5/15,2023/11/15,8,NORMAL,US,USD,912828X88,NR,93.479279891,BGN
United States Treasury Note/Bond,T,5/31/2022,2.625,2027/5/31,2023/11/30,8,NORMAL,US,USD,91282CET4,NR,94.226946721,BGN
United States Treasury Note/Bond,T,6/1/2020,0.5,2027/5/31,2023/11/30,8,NORMAL,US,USD,912828ZS2,NR,86.476263661,BGN
United States Treasury Note/Bond,T,6/30/2022,3.25,2027/6/30,2023/12/31,8,NORMAL,US,USD,91282CEW7,NR,96.240149457,BGN
United States Treasury Note/Bond,T,6/30/2020,0.5,2027/6/30,2023/12/31,8,NORMAL,US,USD,912828ZV5,NR,86.200407609,BGN
United States Treasury Note/Bond,T,8/1/2022,2.75,2027/7/31,2024/1/31,8,NORMAL,US,USD,91282CFB2,NR,94.034646739,BGN
United States Treasury Note/Bond,T,7/31/2020,0.375,2027/7/31,2024/1/31,8,NORMAL,US,USD,91282CAD3,NR,85.435122283,BGN
United States Treasury Note/Bond,T,8/15/2017,2.25,2027/8/15,2024/2/15,8,NORMAL,US,USD,9128282R0,NR,92.112771739,BGN
United States Treasury Note/Bond,T,8/15/1997,6.375,2027/8/15,2024/2/15,8,NORMAL,US,USD,912810FA1,NR,107.145040761,BGN
United States Treasury Note/Bond,T,8/31/2022,3.125,2027/8/31,2024/2/29,8,NORMAL,US,USD,91282CFH9,NR,95.081988324,BGN
United States Treasury Note/Bond,T,8/31/2020,0.5,2027/8/31,2024/2/29,8,NORMAL,US,USD,91282CAH4,NR,85.600618132,BGN
United States Treasury Note/Bond,T,9/30/2022,4.125,2027/9/30,2023/9/30,9,NORMAL,US,USD,91282CFM8,NR,100.444800205,BGN
United States Treasury Note/Bond,T,9/30/2020,0.375,2027/9/30,2023/9/30,9,NORMAL,US,USD,91282CAL5,NR,85.068135246,BGN
United States Treasury Note/Bond,T,10/31/2022,4.125,2027/10/31,2023/10/31,9,NORMAL,US,USD,91282CFU0,NR,100.075407609,BGN
United States Treasury Note/Bond,T,11/2/2020,0.5,2027/10/31,2023/10/31,9,NORMAL,US,USD,91282CAU5,NR,85.275475543,BGN
United States Treasury Note/Bond,T,11/15/2017,2.25,2027/11/15,2023/11/15,9,NORMAL,US,USD,9128283F5,NR,92.261209239,BGN
United States Treasury Note/Bond,T,11/17/1997,6.125,2027/11/15,2023/11/15,9,NORMAL,US,USD,912810FB9,NR,108.279211957,BGN
United States Treasury Note/Bond,T,11/30/2022,3.875,2027/11/30,2023/11/30,9,NORMAL,US,USD,91282CFZ9,NR,98.745730874,BGN
United States Treasury Note/Bond,T,11/30/2020,0.625,2027/11/30,2023/11/30,9,NORMAL,US,USD,91282CAY7,NR,85.493767077,BGN
United States Treasury Note/Bond,T,1/3/2023,3.875,2027/12/31,2023/12/31,9,NORMAL,US,USD,91282CGC9,NR,98.424252717,BGN
United States Treasury Note/Bond,T,12/31/2020,0.625,2027/12/31,2023/12/31,9,NORMAL,US,USD,91282CBB6,NR,85.223165761,BGN
United States Treasury Note/Bond,T,1/31/2023,3.5,2028/1/31,2024/1/31,9,NORMAL,US,USD,91282CGH8,NR,96.592391304,BGN
United States Treasury Note/Bond,T,2/1/2021,0.75,2028/1/31,2024/1/31,9,NORMAL,US,USD,91282CBJ9,NR,85.456182065,BGN
United States Treasury Note/Bond,T,2/15/2018,2.75,2028/2/15,2024/2/15,9,NORMAL,US,USD,9128283W8,NR,93.406929348,BGN
United States Treasury Note/Bond,T,2/28/2023,4,2028/2/29,2024/2/29,9,NORMAL,US,USD,91282CGP0,NR,98.336195055,BGN
United States Treasury Note/Bond,T,3/1/2021,1.125,2028/2/29,2024/2/29,9,NORMAL,US,USD,91282CBP5,NR,86.663890797,BGN
United States Treasury Note/Bond,T,3/31/2023,3.625,2028/3/31,2023/9/30,10,NORMAL,US,USD,91282CGT2,NR,98.283640710,BGN
United States Treasury Note/Bond,T,3/31/2021,1.25,2028/3/31,2023/9/30,10,NORMAL,US,USD,91282CBS9,NR,87.516179986,BGN
United States Treasury Note/Bond,T,5/1/2023,3.5,2028/4/30,2023/10/31,10,NORMAL,US,USD,91282CHA2,NR,97.397078804,BGN
United States Treasury Note/Bond,T,4/30/2021,1.25,2028/4/30,2023/10/31,10,NORMAL,US,USD,91282CBZ3,NR,87.216032609,BGN
United States Treasury Note/Bond,T,5/15/2018,2.875,2028/5/15,2023/11/15,10,NORMAL,US,USD,9128284N7,NR,94.414062500,BGN
United States Treasury Note/Bond,T,5/31/2023,3.625,2028/5/31,2023/11/30,10,NORMAL,US,USD,91282CHE4,NR,97.710724044,BGN
United States Treasury Note/Bond,T,6/1/2021,1.25,2028/5/31,2023/11/30,10,NORMAL,US,USD,91282CCE9,NR,86.925034153,BGN
United States Treasury Note/Bond,T,6/30/2023,4,2028/6/30,2023/12/31,10,NORMAL,US,USD,91282CHK0,NR,99.001698370,BGN
United States Treasury Note/Bond,T,6/30/2021,1.25,2028/6/30,2023/12/31,10,NORMAL,US,USD,91282CCH2,NR,86.641644022,BGN
United States Treasury Note/Bond,T,7/31/2023,4.125,2028/7/31,2024/1/31,10,NORMAL,US,USD,91282CHQ7,NR,99.239470109,BGN
United States Treasury Note/Bond,T,8/2/2021,1,2028/7/31,2024/1/31,10,NORMAL,US,USD,91282CCR0,NR,85.207201087,BGN
United States Treasury Note/Bond,T,8/15/2018,2.875,2028/8/15,2024/2/15,10,NORMAL,US,USD,9128284V9,NR,93.421875000,BGN
United States Treasury Note/Bond,T,8/17/1998,5.5,2028/8/15,2024/2/15,10,NORMAL,US,USD,912810FE3,NR,105.165421196,BGN
United States Treasury Note/Bond,T,8/31/2023,4.375,2028/8/31,2024/2/29,10,NORMAL,US,USD,91282CHX2,#N/A N/A,100.075721154,BGN
United States Treasury Note/Bond,T,8/31/2021,1.125,2028/8/31,2024/2/29,10,NORMAL,US,USD,91282CCV1,NR,85.476390797,BGN
United States Treasury Note/Bond,T,9/30/2021,1.25,2028/9/30,2023/9/30,11,NORMAL,US,USD,91282CCY5,NR,86.352117486,BGN
United States Treasury Note/Bond,T,11/1/2021,1.375,2028/10/31,2023/10/31,11,NORMAL,US,USD,91282CDF5,NR,86.650135870,BGN
United States Treasury Note/Bond,T,11/15/2018,3.125,2028/11/15,2023/11/15,11,NORMAL,US,USD,9128285M8,NR,95.092391304,BGN
United States Treasury Note/Bond,T,11/16/1998,5.25,2028/11/15,2023/11/15,11,NORMAL,US,USD,912810FF0,NR,105.526154891,BGN
United States Treasury Note/Bond,T,11/30/2021,1.5,2028/11/30,2023/11/30,11,NORMAL,US,USD,91282CDL2,NR,86.975665984,BGN
United States Treasury Note/Bond,T,12/31/2021,1.375,2028/12/31,2023/12/31,11,NORMAL,US,USD,91282CDP3,NR,86.133152174,BGN
United States Treasury Note/Bond,T,1/31/2022,1.75,2029/1/31,2024/1/31,11,NORMAL,US,USD,91282CDW8,NR,87.561820652,BGN
United States Treasury Note/Bond,T,2/15/2019,2.625,2029/2/15,2024/2/15,11,NORMAL,US,USD,9128286B1,NR,91.665421196,BGN
United States Treasury Note/Bond,T,2/16/1999,5.25,2029/2/15,2024/2/15,11,NORMAL,US,USD,912810FG8,NR,104.377717391,BGN
United States Treasury Note/Bond,T,2/28/2022,1.875,2029/2/28,2024/2/29,11,NORMAL,US,USD,91282CEB3,NR,87.908567995,BGN
United States Treasury Note/Bond,T,3/31/2022,2.375,2029/3/31,2023/9/30,12,NORMAL,US,USD,91282CEE7,NR,91.126835724,BGN
United States Treasury Note/Bond,T,5/2/2022,2.875,2029/4/30,2023/10/31,12,NORMAL,US,USD,91282CEM9,NR,93.460937500,BGN
United States Treasury Note/Bond,T,5/15/2019,2.375,2029/5/15,2023/11/15,12,NORMAL,US,USD,9128286T2,NR,90.721467391,BGN
United States Treasury Note/Bond,T,5/31/2022,2.75,2029/5/31,2023/11/30,12,NORMAL,US,USD,91282CES6,NR,92.471012637,BGN
United States Treasury Note/Bond,T,6/30/2022,3.25,2029/6/30,2023/12/31,12,NORMAL,US,USD,91282CEV9,NR,94.763586957,BGN
United States Treasury Note/Bond,T,8/1/2022,2.625,2029/7/31,2024/1/31,12,NORMAL,US,USD,91282CFC0,NR,91.202105978,BGN
United States Treasury Note/Bond,T,8/15/2019,1.625,2029/8/15,2024/2/15,12,NORMAL,US,USD,912828YB0,NR,86.100543478,BGN
United States Treasury Note/Bond,T,8/16/1999,6.125,2029/8/15,2024/2/15,12,NORMAL,US,USD,912810FJ2,NR,109.396399457,BGN
United States Treasury Note/Bond,T,8/31/2022,3.125,2029/8/31,2024/2/29,12,NORMAL,US,USD,91282CFJ5,NR,93.488238324,BGN
United States Treasury Note/Bond,T,9/30/2022,3.875,2029/9/30,2023/9/30,13,NORMAL,US,USD,91282CFL0,NR,98.985314208,BGN
United States Treasury Note/Bond,T,10/31/2022,4,2029/10/31,2023/10/31,13,NORMAL,US,USD,91282CFT3,NR,99.328804348,BGN
United States Treasury Note/Bond,T,11/15/2019,1.75,2029/11/15,2023/11/15,13,NORMAL,US,USD,912828YS3,NR,86.865489130,BGN
United States Treasury Note/Bond,T,11/30/2022,3.875,2029/11/30,2023/11/30,13,NORMAL,US,USD,91282CFY2,NR,98.292605874,BGN
United States Treasury Note/Bond,T,1/3/2023,3.875,2029/12/31,2023/12/31,13,NORMAL,US,USD,91282CGB1,NR,97.955502717,BGN
United States Treasury Note/Bond,T,1/31/2023,3.5,2030/1/31,2024/1/31,13,NORMAL,US,USD,91282CGJ4,NR,95.522078804,BGN
United States Treasury Note/Bond,T,2/18/2020,1.5,2030/2/15,2024/2/15,13,NORMAL,US,USD,912828Z94,NR,84.249660326,BGN
United States Treasury Note/Bond,T,2/28/2023,4,2030/2/28,2024/2/29,13,NORMAL,US,USD,91282CGQ8,NR,98.015882555,BGN
United States Treasury Note/Bond,T,3/31/2023,3.625,2030/3/31,2023/9/30,14,NORMAL,US,USD,91282CGS4,NR,97.393015710,BGN
United States Treasury Note/Bond,T,5/1/2023,3.5,2030/4/30,2023/10/31,14,NORMAL,US,USD,91282CGZ8,NR,96.326766304,BGN
United States Treasury Note/Bond,T,5/15/2020,0.625,2030/5/15,2023/11/15,14,NORMAL,US,USD,912828ZQ6,NR,78.879415761,BGN
United States Treasury Note/Bond,T,2/15/2000,6.25,2030/5/15,2023/11/15,14,NORMAL,US,USD,912810FM5,NR,113.028532609,BGN
United States Treasury Note/Bond,T,5/31/2023,3.75,2030/5/31,2023/11/30,14,NORMAL,US,USD,91282CHF1,NR,97.509477459,BGN
United States Treasury Note/Bond,T,6/30/2023,3.75,2030/6/30,2023/12/31,14,NORMAL,US,USD,91282CHJ3,NR,97.182744565,BGN
United States Treasury Note/Bond,T,7/31/2023,4,2030/7/31,2024/1/31,14,NORMAL,US,USD,91282CHR5,NR,98.360054348,BGN
United States Treasury Note/Bond,T,8/17/2020,0.625,2030/8/15,2024/2/15,14,NORMAL,US,USD,91282CAE1,NR,78.129415761,BGN
United States Treasury Note/Bond,T,8/31/2023,4.125,2030/8/31,2024/2/29,14,NORMAL,US,USD,91282CHW4,#N/A N/A,98.791037088,BGN
United States Treasury Note/Bond,T,11/16/2020,0.875,2030/11/15,2023/11/15,15,NORMAL,US,USD,91282CAV3,NR,79.581182065,BGN
United States Treasury Note/Bond,T,2/16/2021,1.125,2031/2/15,2024/2/15,15,NORMAL,US,USD,91282CBL4,NR,80.532948370,BGN
United States Treasury Note/Bond,T,2/15/2001,5.375,2031/2/15,2024/2/15,15,NORMAL,US,USD,912810FP8,NR,107.494225543,BGN
United States Treasury Note/Bond,T,5/17/2021,1.625,2031/5/15,2023/11/15,16,NORMAL,US,USD,91282CCB5,NR,83.436480978,BGN
United States Treasury Note/Bond,T,8/16/2021,1.25,2031/8/15,2024/2/15,16,NORMAL,US,USD,91282CCS8,NR,79.961956522,BGN
United States Treasury Note/Bond,T,11/15/2021,1.375,2031/11/15,2023/11/15,17,NORMAL,US,USD,91282CDJ7,NR,80.578464674,BGN
United States Treasury Note/Bond,T,2/15/2022,1.875,2032/2/15,2024/2/15,17,NORMAL,US,USD,91282CDY4,NR,83.200747283,BGN
United States Treasury Note/Bond,T,5/16/2022,2.875,2032/5/15,2023/11/15,18,NORMAL,US,USD,91282CEP2,NR,90.726562500,BGN
United States Treasury Note/Bond,T,8/15/2022,2.75,2032/8/15,2024/2/15,18,NORMAL,US,USD,91282CFF3,NR,88.844429348,BGN
United States Treasury Note/Bond,T,11/15/2022,4.125,2032/11/15,2023/11/15,19,NORMAL,US,USD,91282CFV8,NR,100.047894022,BGN
United States Treasury Note/Bond,T,2/15/2023,3.5,2033/2/15,2024/2/15,19,NORMAL,US,USD,91282CGM7,NR,94.262228261,BGN
United States Treasury Note/Bond,T,5/15/2023,3.375,2033/5/15,2023/11/15,20,NORMAL,US,USD,91282CHC8,NR,94.051970109,BGN
United States Treasury Note/Bond,T,8/15/2023,3.875,2033/8/15,2024/2/15,20,NORMAL,US,USD,91282CHT1,NR,97.158627717,BGN
United States Treasury Note/Bond,T,2/15/2006,4.5,2036/2/15,2024/2/15,25,NORMAL,US,USD,912810FT0,NR,103.319293478,BGN
United States Treasury Note/Bond,T,2/15/2007,4.75,2037/2/15,2024/2/15,27,NORMAL,US,USD,912810PT9,NR,105.552309783,BGN
United States Treasury Note/Bond,T,8/15/2007,5,2037/5/15,2023/11/15,28,NORMAL,US,USD,912810PU6,NR,109.269701087,BGN
United States Treasury Note/Bond,T,2/15/2008,4.375,2038/2/15,2024/2/15,29,NORMAL,US,USD,912810PW2,NR,101.015285326,BGN
United States Treasury Note/Bond,T,8/15/2008,4.5,2038/5/15,2023/11/15,30,NORMAL,US,USD,912810PX0,NR,103.288043478,BGN
United States Treasury Note/Bond,T,2/17/2009,3.5,2039/2/15,2024/2/15,31,NORMAL,US,USD,912810QA9,NR,90.559103261,BGN
United States Treasury Note/Bond,T,5/15/2009,4.25,2039/5/15,2023/11/15,32,NORMAL,US,USD,912810QB7,NR,99.820652174,BGN
United States Treasury Note/Bond,T,8/17/2009,4.5,2039/8/15,2024/2/15,32,NORMAL,US,USD,912810QC5,NR,101.428668478,BGN
United States Treasury Note/Bond,T,11/16/2009,4.375,2039/11/15,2023/11/15,33,NORMAL,US,USD,912810QD3,NR,100.984035326,BGN
United States Treasury Note/Bond,T,2/16/2010,4.625,2040/2/15,2024/2/15,33,NORMAL,US,USD,912810QE1,NR,102.826426630,BGN
United States Treasury Note/Bond,T,6/1/2020,1.125,2040/5/15,2023/11/15,34,NORMAL,US,USD,912810SR0,NR,60.923573370,BGN
United States Treasury Note/Bond,T,5/17/2010,4.375,2040/5/15,2023/11/15,34,NORMAL,US,USD,912810QH4,NR,100.718410326,BGN
United States Treasury Note/Bond,T,8/31/2020,1.125,2040/8/15,2024/2/15,34,NORMAL,US,USD,912810SQ2,NR,60.095448370,BGN
United States Treasury Note/Bond,T,8/16/2010,3.875,2040/8/15,2024/2/15,34,NORMAL,US,USD,912810QK7,NR,93.361752717,BGN
United States Treasury Note/Bond,T,11/30/2020,1.375,2040/11/15,2023/11/15,35,NORMAL,US,USD,912810ST6,NR,62.859714674,BGN
United States Treasury Note/Bond,T,11/15/2010,4.25,2040/11/15,2023/11/15,35,NORMAL,US,USD,912810QL5,NR,99.008152174,BGN
United States Treasury Note/Bond,T,2/15/2011,4.75,2041/2/15,2024/2/15,35,NORMAL,US,USD,912810QN1,NR,103.927309783,BGN
United States Treasury Note/Bond,T,3/1/2021,1.875,2041/2/15,2024/2/15,35,NORMAL,US,USD,912810SW9,NR,68.013247283,BGN
United States Treasury Note/Bond,T,6/1/2021,2.25,2041/5/15,2023/11/15,36,NORMAL,US,USD,912810SY5,NR,72.800271739,BGN
United States Treasury Note/Bond,T,5/16/2011,4.375,2041/5/15,2023/11/15,36,NORMAL,US,USD,912810QQ4,NR,100.155910326,BGN
United States Treasury Note/Bond,T,8/31/2021,1.75,2041/8/15,2024/2/15,36,NORMAL,US,USD,912810TA6,NR,65.787364130,BGN
United States Treasury Note/Bond,T,8/15/2011,3.75,2041/8/15,2024/2/15,36,NORMAL,US,USD,912810QS0,NR,91.010869565,BGN
United States Treasury Note/Bond,T,11/30/2021,2,2041/11/15,2023/11/15,37,NORMAL,US,USD,912810TC2,NR,69.067255435,BGN
United States Treasury Note/Bond,T,11/15/2011,3.125,2041/11/15,2023/11/15,37,NORMAL,US,USD,912810QT8,NR,83.600203804,BGN
United States Treasury Note/Bond,T,2/28/2022,2.375,2042/2/15,2024/2/15,37,NORMAL,US,USD,912810TF5,NR,72.885529891,BGN
United States Treasury Note/Bond,T,2/15/2012,3.125,2042/2/15,2024/2/15,37,NORMAL,US,USD,912810QU5,NR,82.459578804,BGN
United States Treasury Note/Bond,T,5/31/2022,3.25,2042/5/15,2023/11/15,38,NORMAL,US,USD,912810TH1,NR,84.544836957,BGN
United States Treasury Note/Bond,T,5/15/2012,3,2042/5/15,2023/11/15,38,NORMAL,US,USD,912810QW1,NR,81.249320652,BGN
United States Treasury Note/Bond,T,8/31/2022,3.375,2042/8/15,2024/2/15,38,NORMAL,US,USD,912810TK4,NR,85.114470109,BGN
United States Treasury Note/Bond,T,8/15/2012,2.75,2042/8/15,2024/2/15,38,NORMAL,US,USD,912810QX9,NR,77.110054348,BGN
United States Treasury Note/Bond,T,11/30/2022,4,2042/11/15,2023/11/15,39,NORMAL,US,USD,912810TM0,NR,94.118885870,BGN
United States Treasury Note/Bond,T,11/15/2012,2.75,2042/11/15,2023/11/15,39,NORMAL,US,USD,912810QY7,NR,77.563179348,BGN
United States Treasury Note/Bond,T,2/28/2023,3.875,2043/2/15,2024/2/15,39,NORMAL,US,USD,912810TQ1,NR,91.283627717,BGN
United States Treasury Note/Bond,T,2/15/2013,3.125,2043/2/15,2024/2/15,39,NORMAL,US,USD,912810QZ4,NR,81.506453804,BGN
United States Treasury Note/Bond,T,5/31/2023,3.875,2043/5/15,2023/11/15,40,NORMAL,US,USD,912810TS7,NR,92.221127717,BGN
United States Treasury Note/Bond,T,5/15/2013,2.875,2043/5/15,2023/11/15,40,NORMAL,US,USD,912810RB6,NR,78.835937500,BGN
United States Treasury Note/Bond,T,8/31/2023,4.375,2043/8/15,2024/2/15,40,NORMAL,US,USD,912810TU2,#N/A N/A,97.937160326,BGN
United States Treasury Note/Bond,T,8/15/2013,3.625,2043/8/15,2024/2/15,40,NORMAL,US,USD,912810RC4,NR,87.738111413,BGN
United States Treasury Note/Bond,T,11/15/2013,3.75,2043/11/15,2023/11/15,41,NORMAL,US,USD,912810RD2,NR,90.229619565,BGN
United States Treasury Note/Bond,T,2/18/2014,3.625,2044/2/15,2024/2/15,41,NORMAL,US,USD,912810RE0,NR,87.503736413,BGN
United States Treasury Note/Bond,T,5/15/2014,3.375,2044/5/15,2023/11/15,42,NORMAL,US,USD,912810RG5,NR,84.958220109,BGN
United States Treasury Note/Bond,T,8/15/2014,3.125,2044/8/15,2024/2/15,42,NORMAL,US,USD,912810RH3,NR,80.647078804,BGN
United States Treasury Note/Bond,T,11/17/2014,3,2044/11/15,2023/11/15,43,NORMAL,US,USD,912810RJ9,NR,79.577445652,BGN
United States Treasury Note/Bond,T,2/17/2015,2.5,2045/2/15,2024/2/15,43,NORMAL,US,USD,912810RK6,NR,71.861413043,BGN
United States Treasury Note/Bond,T,5/15/2015,3,2045/5/15,2023/11/15,44,NORMAL,US,USD,912810RM2,NR,79.218070652,BGN
United States Treasury Note/Bond,T,8/17/2015,2.875,2045/8/15,2024/2/15,44,NORMAL,US,USD,912810RN0,NR,76.570312500,BGN
United States Treasury Note/Bond,T,11/16/2015,3,2045/11/15,2023/11/15,45,NORMAL,US,USD,912810RP5,NR,78.983695652,BGN
United States Treasury Note/Bond,T,2/16/2016,2.5,2046/2/15,2024/2/15,45,NORMAL,US,USD,912810RQ3,NR,71.095788043,BGN
United States Treasury Note/Bond,T,5/16/2016,2.5,2046/5/15,2023/11/15,46,NORMAL,US,USD,912810RS9,NR,71.627038043,BGN
United States Treasury Note/Bond,T,8/15/2016,2.25,2046/8/15,2024/2/15,46,NORMAL,US,USD,912810RT7,NR,67.331521739,BGN
United States Treasury Note/Bond,T,11/15/2016,2.875,2046/11/15,2023/11/15,47,NORMAL,US,USD,912810RU4,NR,76.820312500,BGN
United States Treasury Note/Bond,T,2/15/2017,3,2047/2/15,2024/2/15,47,NORMAL,US,USD,912810RV2,NR,77.780570652,BGN
United States Treasury Note/Bond,T,5/15/2017,3,2047/5/15,2023/11/15,48,NORMAL,US,USD,912810RX8,NR,78.499320652,BGN
United States Treasury Note/Bond,T,8/15/2017,2.75,2047/8/15,2024/2/15,48,NORMAL,US,USD,912810RY6,NR,74.078804348,BGN
United States Treasury Note/Bond,T,11/15/2017,2.75,2047/11/15,2023/11/15,49,NORMAL,US,USD,912810RZ3,NR,74.688179348,BGN
United States Treasury Note/Bond,T,2/15/2018,3,2048/2/15,2024/2/15,49,NORMAL,US,USD,912810SA7,NR,77.593070652,BGN
United States Treasury Note/Bond,T,5/15/2018,3.125,2048/5/15,2023/11/15,50,NORMAL,US,USD,912810SC3,NR,80.178328804,BGN
United States Treasury Note/Bond,T,8/15/2018,3,2048/8/15,2024/2/15,50,NORMAL,US,USD,912810SD1,NR,77.561820652,BGN
United States Treasury Note/Bond,T,11/15/2018,3.375,2048/11/15,2023/11/15,51,NORMAL,US,USD,912810SE9,NR,83.911345109,BGN
United States Treasury Note/Bond,T,2/15/2019,3,2049/2/15,2024/2/15,51,NORMAL,US,USD,912810SF6,NR,77.546195652,BGN
United States Treasury Note/Bond,T,5/15/2019,2.875,2049/5/15,2023/11/15,52,NORMAL,US,USD,912810SH2,NR,76.429687500,BGN
United States Treasury Note/Bond,T,8/15/2019,2.25,2049/8/15,2024/2/15,52,NORMAL,US,USD,912810SJ8,NR,66.284646739,BGN
United States Treasury Note/Bond,T,11/15/2019,2.375,2049/11/15,2023/11/15,53,NORMAL,US,USD,912810SK5,NR,68.729279891,BGN
United States Treasury Note/Bond,T,2/18/2020,2,2050/2/15,2024/2/15,53,NORMAL,US,USD,912810SL3,NR,62.332880435,BGN
United States Treasury Note/Bond,T,5/15/2020,1.25,2050/5/15,2023/11/15,54,NORMAL,US,USD,912810SN9,NR,51.024456522,BGN
United States Treasury Note/Bond,T,8/17/2020,1.375,2050/8/15,2024/2/15,54,NORMAL,US,USD,912810SP4,NR,52.422214674,BGN
United States Treasury Note/Bond,T,11/16/2020,1.625,2050/11/15,2023/11/15,55,NORMAL,US,USD,912810SS8,NR,56.592730978,BGN
United States Treasury Note/Bond,T,2/16/2021,1.875,2051/2/15,2024/2/15,55,NORMAL,US,USD,912810SU3,NR,59.950747283,BGN
United States Treasury Note/Bond,T,5/17/2021,2.375,2051/5/15,2023/11/15,56,NORMAL,US,USD,912810SX7,NR,68.260529891,BGN
United States Treasury Note/Bond,T,8/16/2021,2,2051/8/15,2024/2/15,56,NORMAL,US,USD,912810SZ2,NR,61.707880435,BGN
United States Treasury Note/Bond,T,11/15/2021,1.875,2051/11/15,2023/11/15,57,NORMAL,US,USD,912810TB4,NR,60.138247283,BGN
United States Treasury Note/Bond,T,2/15/2022,2.25,2052/2/15,2024/2/15,57,NORMAL,US,USD,912810TD0,NR,65.628396739,BGN
United States Treasury Note/Bond,T,5/16/2022,2.875,2052/5/15,2023/11/15,58,NORMAL,US,USD,912810TG3,NR,76.320312500,BGN
United States Treasury Note/Bond,T,8/15/2022,3,2052/8/15,2024/2/15,58,NORMAL,US,USD,912810TJ7,NR,77.655570652,BGN
United States Treasury Note/Bond,T,11/15/2022,4,2052/11/15,2023/11/15,59,NORMAL,US,USD,912810TL2,NR,95.134510870,BGN
United States Treasury Note/Bond,T,2/15/2023,3.625,2053/2/15,2024/2/15,59,NORMAL,US,USD,912810TN8,NR,87.816236413,BGN
United States Treasury Note/Bond,T,5/15/2023,3.625,2053/5/15,2023/11/15,60,NORMAL,US,USD,912810TR9,NR,88.784986413,BGN
United States Treasury Note/Bond,T,8/15/2023,4.125,2053/8/15,2024/2/15,60,NORMAL,US,USD,912810TT5,NR,96.219769022,BGN